Workbook

Sheet Sheet1
A1: date | B1: month | C1: day | D1: meal_type | E1: meal_day | F1: category | G1: sub_category | H1: menu_items | I1: per pax | J1: quantity | K1: wastage | L1: ideal_weight | M1: ideal_pp | N1: client_mg | O1: vendor_mg | P1: day_type | Q1: holiday_type | R1: Biryani Day
A2: 45033 | B2: April | C2: Monday | D2: Veg | E2: nonveg | F2: Dal | G2: Creamy Dal | H2: Dal Maharani | I2: 0.085 | J2: =I2*O2 -> 59.5 | K2: 0 | L2: =J2-K2 -> 59.5 | M2: =((I2*O2)-K2)/N2 -> 0.085 | N2: 700 | O2: 700 | P2: Regular | Q2: Not Applicable | R2: =IF(COUNTIF(Sheet2!B:B, A2) > 0, "Yes", "No") -> No
A3: 45033 | B3: April | C3: Monday | D3: Veg | E3: nonveg | F3: Flavour Rice | G3: pulao | H3: Jeera Mutter Pulao | I3: 0.11 | J3: =I3*O3 -> 77 | K3: 3 | L3: =J3-K3 -> 74 | M3: =((I3*O3)-K3)/N3 -> 0.10571429 | N3: 700 | O3: 700 | P3: Regular | Q3: Not Applicable | R3: =IF(COUNTIF(Sheet2!B:B, A3) > 0, "Yes", "No") -> No
A4: 45033 | B4: April | C4: Monday | D4: Veg | E4: nonveg | F4: Indian Bread | G4: Plain Chapati | H4: Chapati | I4: 0.09 | J4: =I4*O4 -> 63 | K4: 0 | L4: =J4-K4 -> 63 | M4: =((I4*O4)-K4)/N4 -> 0.09 | N4: 700 | O4: 700 | P4: Regular | Q4: Not Applicable | R4: =IF(COUNTIF(Sheet2!B:B, A4) > 0, "Yes", "No") -> No
A5: 45033 | B5: April | C5: Monday | D5: Non veg | E5: nonveg | F5: Non Veg Curry | G5: South Chicken Gravy | H5: Chicken Kholapuri | I5: 0.15 | J5: =I5*O5 -> 52.5 | K5: 0 | L5: =J5-K5 -> 52.5 | M5: =((I5*O5)-K5)/N5 -> 0.15 | N5: 350 | O5: 350 | P5: Regular | Q5: Not Applicable | R5: =IF(COUNTIF(Sheet2!B:B, A5) > 0, "Yes", "No") -> No
A6: 45033 | B6: April | C6: Monday | D6: Veg | E6: nonveg | F6: Rasam | G6: Pepper-Based | H6: Pepper Rasam | I6: 0.03 | J6: =I6*O6 -> 21 | K6: 3 | L6: =J6-K6 -> 18 | M6: =((I6*O6)-K6)/N6 -> 0.025714286 | N6: 700 | O6: 700 | P6: Regular | Q6: Not Applicable | R6: =IF(COUNTIF(Sheet2!B:B, A6) > 0, "Yes", "No") -> No
A7: 45033 | B7: April | C7: Monday | D7: Veg | E7: nonveg | F7: Sambar | G7: Leaf Sambar | H7: Soppu Sambar | I7: 0.045 | J7: =I7*O7 -> 31.5 | K7: 0 | L7: =J7-K7 -> 31.5 | M7: =((I7*O7)-K7)/N7 -> 0.045 | N7: 700 | O7: 700 | P7: Regular | Q7: Not Applicable | R7: =IF(COUNTIF(Sheet2!B:B, A7) > 0, "Yes", "No") -> No
A8: 45033 | B8: April | C8: Monday | D8: Veg | E8: nonveg | F8: Veg Curry | G8: paneer curry | H8: Paneer Dopyaza | I8: 0.11 | J8: =I8*O8 -> 77 | K8: 0 | L8: =J8-K8 -> 77 | M8: =((I8*O8)-K8)/N8 -> 0.11 | N8: 700 | O8: 700 | P8: Regular | Q8: Not Applicable | R8: =IF(COUNTIF(Sheet2!B:B, A8) > 0, "Yes", "No") -> No
A9: 45033 | B9: April | C9: Monday | D9: Veg | E9: nonveg | F9: Veg Dry | G9: veg dry | H9: Tawa Veg | I9: 0.085 | J9: =I9*O9 -> 59.5 | K9: 4 | L9: =J9-K9 -> 55.5 | M9: =((I9*O9)-K9)/N9 -> 0.079285714 | N9: 700 | O9: 700 | P9: Regular | Q9: Not Applicable | R9: =IF(COUNTIF(Sheet2!B:B, A9) > 0, "Yes", "No") -> No
A10: 45033 | B10: April | C10: Monday | D10: Veg | E10: nonveg | F10: White Rice | G10: Plain Rice | H10: White Rice | I10: 0.09 | J10: =I10*O10 -> 63 | K10: 4 | L10: =J10-K10 -> 59 | M10: =((I10*O10)-K10)/N10 -> 0.084285714 | N10: 700 | O10: 700 | P10: Regular | Q10: Not Applicable | R10: =IF(COUNTIF(Sheet2!B:B, A10) > 0, "Yes", "No") -> No
A11: 45035 | B11: April | C11: Wednesday | D11: Veg | E11: nonveg | F11: Dal | G11: Homely Dal | H11: Masoor Dal | I11: 0.085 | J11: =I11*O11 -> 68 | K11: 10 | L11: =J11-K11 -> 58 | M11: =((I11*O11)-K11)/N11 -> 0.0725 | N11: 800 | O11: 800 | P11: Regular | Q11: Not Applicable | R11: =IF(COUNTIF(Sheet2!B:B, A11) > 0, "Yes", "No") -> No
A12: 45035 | B12: April | C12: Wednesday | D12: Veg | E12: nonveg | F12: Flavour Rice | G12: pulao | H12: Rajasthani Namkeen Pulao | I12: 0.11 | J12: =I12*O12 -> 88 | K12: 2.5 | L12: =J12-K12 -> 85.5 | M12: =((I12*O12)-K12)/N12 -> 0.106875 | N12: 800 | O12: 800 | P12: Regular | Q12: Not Applicable | R12: =IF(COUNTIF(Sheet2!B:B, A12) > 0, "Yes", "No") -> No
A13: 45035 | B13: April | C13: Wednesday | D13: Veg | E13: nonveg | F13: Indian Bread | G13: Flavour chapati | H13: Ajwain Chapati | I13: 0.09 | J13: =I13*O13 -> 72 | K13: 0.5 | L13: =J13-K13 -> 71.5 | M13: =((I13*O13)-K13)/N13 -> 0.089375 | N13: 800 | O13: 800 | P13: Regular | Q13: Not Applicable | R13: =IF(COUNTIF(Sheet2!B:B, A13) > 0, "Yes", "No") -> No
... A3375: 45650 | B3375: December | C3375: Tuesday | D3375: Veg | E3375: veg | F3375: White Rice | G3375: Plain Rice | H3375: White Rice | I3375: 0.09 | J3375: =I3375*O3375 -> 36 | K3375: 1 | L3375: =J3375-K3375 -> 35 | M3375: =((I3375*O3375)-K3375)/N3375 -> 0.0875 | N3375: 400 | O3375: 400 | P3375: Previous Day of Holiday | Q3375: Important Holiday | R3375: =IF(COUNTIF(Sheet2!B:B, A3375) > 0, "Yes", "No") -> No

Sheet Sheet2
A1: 45037 | B1: {=_xlfn.UNIQUE(A1:A73)} -> 45037
A2: 45044 | B2: 45044
A3: 45051 | B3: 45051
A4: 45058 | B4: 45058
A5: 45065 | B5: 45065
A6: 45072 | B6: 45072
A7: 45079 | B7: 45079
A8: 45086 | B8: 45086
A9: 45093 | B9: 45093
A10: 45100 | B10: 45100
A11: 45114 | B11: 45114
A12: 45121 | B12: 45121
A13: 45128 | B13: 45128
... A73: 45639 | B73: 45639
